Interval,Top Keyword,Count
2007Q1,Dublin,33
2007Q1,Belfast,18
2007Q1,Galway,13
2007Q1,murder,13
2007Q1,Ling,12
2007Q1,Sin,10
2007Q1,Iraq,10
2007Q1,sex,10
2007Q1,Iran,9
2007Q1,Meat,8
2007Q1,Baghdad,8
2007Q1,crash,7
2007Q1,stabbing,6
2007Q1,power,6
2007Q1,road,6
2007Q1,abuse,6
2007Q1,robbery,5
2007Q1,Limerick,5
2007Q1,sharing,5
2007Q1,government,5
2007Q1,Done,5
2007Q1,man,5
2007Q1,strike,5
2007Q1,Cork,5
2007Q1,Tao,5
2007Q1,flu,5
2007Q1,fire,4
2007Q1,policing,4
2007Q1,leader,4
2007Q1,Ireland,4
2007Q1,child,4
2007Q1,off,4
2007Q1,consultant,4
2007Q1,protest,4
2007Q1,bird,4
2007Q1,death,4
2007Q1,crime,4
2007Q1,rape,4
2007Q1,house,3
2007Q1,economy,3
2007Q1,Long,3
2007Q1,shooting,3
2007Q1,Armagh,3
2007Q1,David,3
2007Q1,service,3
2007Q1,energy,3
2007Q1,arrest,3
2007Q1,drugs,3
2007Q1,seizure,3
2007Q1,Mat,3
2007Q2,Dublin,33
2007Q2,murder,15
2007Q2,coalition,11
2007Q2,Nurse,10
2007Q2,Cork,8
2007Q2,Iran,7
2007Q2,Tao,7
2007Q2,Galway,7
2007Q2,Belfast,7
2007Q2,Limerick,6
2007Q2,health,6
2007Q2,Iraq,6
2007Q2,duty,6
2007Q2,crash,6
2007Q2,Derry,6
2007Q2,consultant,5
2007Q2,Murder,5
2007Q2,stamp,5
2007Q2,house,5
2007Q2,collision,4
2007Q2,protest,4
2007Q2,death,4
2007Q2,deal,4
2007Q2,stabbing,4
2007Q2,shooting,4
2007Q2,mental,4
2007Q2,war,4
2007Q2,Hamas,4
2007Q2,Fine,4
2007Q2,government,4
2007Q2,road,4
2007Q2,Opposition,4
2007Q2,Blanc,3
2007Q2,Ireland,3
2007Q2,education,3
2007Q2,Baghdad,3
2007Q2,Gaza,3
2007Q2,Antrim,3
2007Q2,car,3
2007Q2,cancer,3
2007Q2,abortion,3
2007Q2,bomb,3
2007Q2,Done,3
2007Q2,pension,3
2007Q2,location,3
2007Q2,Lebanon,3
2007Q2,Tara,3
2007Q2,Pride,3
2007Q2,climate,3
2007Q2,airport,3
2007Q3,Dublin,33
2007Q3,murder,28
2007Q3,Belfast,27
2007Q3,Ling,19
2007Q3,Limerick,13
2007Q3,Cork,11
2007Q3,Derry,10
2007Q3,Burma,10
2007Q3,crash,8
2007Q3,Iraq,8
2007Q3,Ireland,7
2007Q3,cocaine,7
2007Q3,Galway,7
2007Q3,sex,7
2007Q3,Ryan,7
2007Q3,bomb,6
2007Q3,protest,6
2007Q3,Done,6
2007Q3,road,6
2007Q3,collision,6
2007Q3,fire,6
2007Q3,cancer,5
2007Q3,Suicide,5
2007Q3,off,5
2007Q3,Tipperary,5
2007Q3,shooting,5
2007Q3,Port,4
2007Q3,people,4
2007Q3,Lot,4
2007Q3,jack,4
2007Q3,Motor,4
2007Q3,Sean,4
2007Q3,Tao,4
2007Q3,West,4
2007Q3,house,4
2007Q3,assault,4
2007Q3,leadership,3
2007Q3,rape,3
2007Q3,market,3
2007Q3,race,3
2007Q3,suicide,3
2007Q3,appeal,3
2007Q3,Clare,3
2007Q3,Off,3
2007Q3,film,3
2007Q3,Murder,3
2007Q3,abuse,3
2007Q3,Green,3
2007Q3,Post,3
2007Q3,Fin,3
2007Q4,Dublin,39
2007Q4,murder,28
2007Q4,Ling,18
2007Q4,Limerick,18
2007Q4,Belfast,14
2007Q4,Pakistan,13
2007Q4,Derry,10
2007Q4,fire,9
2007Q4,drug,9
2007Q4,climate,9
2007Q4,crash,8
2007Q4,strike,7
2007Q4,house,7
2007Q4,Meat,7
2007Q4,Murder,7
2007Q4,shooting,6
2007Q4,gang,6
2007Q4,assault,6
2007Q4,Cork,6
2007Q4,seizure,6
2007Q4,man,6
2007Q4,school,5
2007Q4,robbery,5
2007Q4,New,5
2007Q4,Done,5
2007Q4,attack,5
2007Q4,Tao,5
2007Q4,cocaine,5
2007Q4,road,5
2007Q4,peace,5
2007Q4,Waterford,5
2007Q4,cancer,5
2007Q4,Port,5
2007Q4,human,4
2007Q4,Mona,4
2007Q4,Armagh,4
2007Q4,Iraq,4
2007Q4,solicitor,4
2007Q4,run,4
2007Q4,change,4
2007Q4,traffic,4
2007Q4,missing,4
2007Q4,Burma,3
2007Q4,pay,3
2007Q4,copy,3
2007Q4,rights,3
2007Q4,row,3
2007Q4,Post,3
2007Q4,crime,3
2007Q4,IRA,3
2008Q1,Dublin,33
2008Q1,murder,29
2008Q1,Belfast,21
2008Q1,Limerick,10
2008Q1,Tao,9
2008Q1,Cork,9
2008Q1,Galway,8
2008Q1,bomb,7
2008Q1,seizure,7
2008Q1,robbery,7
2008Q1,road,7
2008Q1,Ling,7
2008Q1,house,6
2008Q1,shooting,6
2008Q1,strike,6
2008Q1,Lisbon,6
2008Q1,crash,6
2008Q1,suicide,5
2008Q1,abuse,5
2008Q1,drug,5
2008Q1,Kildare,5
2008Q1,airport,5
2008Q1,cannabis,5
2008Q1,air,5
2008Q1,Antrim,5
2008Q1,referendum,5
2008Q1,Kosovo,5
2008Q1,Iraq,5
2008Q1,Patrick,5
2008Q1,Day,5
2008Q1,assault,4
2008Q1,fire,4
2008Q1,New,4
2008Q1,car,4
2008Q1,South,4
2008Q1,death,4
2008Q1,Iran,4
2008Q1,Air,4
2008Q1,heroin,4
2008Q1,Treaty,4
2008Q1,Done,4
2008Q1,Kilkenny,4
2008Q1,consultant,4
2008Q1,Port,4
2008Q1,traffic,4
2008Q1,Met,4
2008Q1,Serbia,4
2008Q1,Tibet,4
2008Q1,Zimbabwe,4
2008Q1,Pakistan,3
2008Q2,Dublin,35
2008Q2,Lisbon,31
2008Q2,murder,23
2008Q2,Treaty,14
2008Q2,Limerick,14
2008Q2,Belfast,14
2008Q2,Zimbabwe,13
2008Q2,bomb,10
2008Q2,Ling,8
2008Q2,Burma,8
2008Q2,crash,7
2008Q2,jack,7
2008Q2,Ireland,7
2008Q2,shooting,7
2008Q2,Galway,6
2008Q2,Tao,6
2008Q2,Lot,6
2008Q2,Cork,6
2008Q2,China,6
2008Q2,Waterford,5
2008Q2,car,5
2008Q2,Brian,5
2008Q2,cluster,5
2008Q2,house,5
2008Q2,fire,5
2008Q2,Derry,5
2008Q2,Tipperary,4
2008Q2,gun,4
2008Q2,assault,4
2008Q2,protest,4
2008Q2,alcohol,4
2008Q2,school,4
2008Q2,Done,4
2008Q2,Irish,4
2008Q2,road,4
2008Q2,government,3
2008Q2,Wexford,3
2008Q2,Tyrone,3
2008Q2,robbery,3
2008Q2,rate,3
2008Q2,Sea,3
2008Q2,Murder,3
2008Q2,inflation,3
2008Q2,funeral,3
2008Q2,Lou,3
2008Q2,heroin,3
2008Q2,laptop,3
2008Q2,theft,3
2008Q2,prison,3
2008Q2,rights,3
2008Q3,Dublin,36
2008Q3,Zimbabwe,18
2008Q3,Russia,18
2008Q3,Georgia,17
2008Q3,murder,16
2008Q3,Belfast,14
2008Q3,Iran,13
2008Q3,Pakistan,9
2008Q3,bail,9
2008Q3,Iraq,8
2008Q3,peace,8
2008Q3,protest,7
2008Q3,Dar,7
2008Q3,Lisbon,7
2008Q3,bomb,7
2008Q3,crash,7
2008Q3,Afghanistan,7
2008Q3,shooting,7
2008Q3,Hurricane,7
2008Q3,Ireland,6
2008Q3,Sudan,6
2008Q3,suicide,6
2008Q3,Lou,5
2008Q3,Cork,5
2008Q3,Galway,5
2008Q3,cannabis,5
2008Q3,robbery,5
2008Q3,hit,4
2008Q3,Derry,4
2008Q3,Syria,4
2008Q3,radar,4
2008Q3,Tao,4
2008Q3,genocide,4
2008Q3,trial,4
2008Q3,Clare,4
2008Q3,India,4
2008Q3,car,4
2008Q3,Beijing,4
2008Q3,heroin,4
2008Q3,dead,4
2008Q3,Waterford,4
2008Q3,Suicide,4
2008Q3,Tropical,4
2008Q3,running,4
2008Q3,mate,4
2008Q3,Storm,4
2008Q3,bombing,4
2008Q3,financial,4
2008Q3,melt,3
2008Q3,South,3
2008Q4,Dublin,24
2008Q4,murder,23
2008Q4,Ling,15
2008Q4,Pakistan,11
2008Q4,Iraq,11
2008Q4,Lisbon,10
2008Q4,Zimbabwe,10
2008Q4,Israel,10
2008Q4,man,9
2008Q4,Belfast,9
2008Q4,Mumbai,9
2008Q4,Gaza,8
2008Q4,Georgia,7
2008Q4,robbery,7
2008Q4,Kilkenny,7
2008Q4,financial,6
2008Q4,assault,6
2008Q4,Government,6
2008Q4,medical,6
2008Q4,card,6
2008Q4,crisis,5
2008Q4,bail,5
2008Q4,chief,5
2008Q4,economic,5
2008Q4,stabbing,5
2008Q4,bomb,5
2008Q4,house,5
2008Q4,Ryan,5
2008Q4,government,5
2008Q4,North,4
2008Q4,guarantee,4
2008Q4,Syria,4
2008Q4,and,4
2008Q4,attacks,4
2008Q4,road,4
2008Q4,crash,4
2008Q4,climate,4
2008Q4,missing,4
2008Q4,Dar,4
2008Q4,protest,4
2008Q4,Cuba,4
2008Q4,people,4
2008Q4,Christmas,4
2008Q4,cocaine,4
2008Q4,stimulus,4
2008Q4,strike,4
2008Q4,pork,4
2008Q4,Korea,3
2008Q4,Aid,3
2008Q4,bank,3
2009Q1,Dublin,30
2009Q1,murder,16
2009Q1,Gaza,15
2009Q1,Israel,14
2009Q1,Belfast,12
2009Q1,cease,8
2009Q1,Irish,8
2009Q1,pension,8
2009Q1,house,6
2009Q1,Hamas,6
2009Q1,shooting,6
2009Q1,national,6
2009Q1,tax,6
2009Q1,child,5
2009Q1,Russia,5
2009Q1,bail,5
2009Q1,Anglo,5
2009Q1,Ryan,5
2009Q1,Iran,5
2009Q1,protest,5
2009Q1,Tipperary,4
2009Q1,fire,4
2009Q1,crisis,4
2009Q1,road,4
2009Q1,Government,4
2009Q1,White,4
2009Q1,House,4
2009Q1,abuse,4
2009Q1,City,4
2009Q1,economic,4
2009Q1,pay,4
2009Q1,Spain,4
2009Q1,stimulus,4
2009Q1,Waterford,4
2009Q1,Lisbon,4
2009Q1,Patrick,4
2009Q1,Day,4
2009Q1,Late,4
2009Q1,protection,3
2009Q1,people,3
2009Q1,Sri,3
2009Q1,government,3
2009Q1,crash,3
2009Q1,sector,3
2009Q1,death,3
2009Q1,robbery,3
2009Q1,freeze,3
2009Q1,snow,3
2009Q1,crimes,3
2009Q1,Middle,3
2009Q2,Dublin,24
2009Q2,flu,15
2009Q2,Lisbon,13
2009Q2,abuse,11
2009Q2,murder,8
2009Q2,Tao,7
2009Q2,Bolivia,6
2009Q2,child,6
2009Q2,Limerick,5
2009Q2,Galway,5
2009Q2,Coalition,4
2009Q2,North,4
2009Q2,social,4
2009Q2,referendum,4
2009Q2,Bus,4
2009Q2,Irish,4
2009Q2,Sin,4
2009Q2,Nam,4
2009Q2,Iran,4
2009Q2,school,3
2009Q2,home,3
2009Q2,children,3
2009Q2,Korea,3
2009Q2,time,3
2009Q2,food,3
2009Q2,Park,3
2009Q2,protest,3
2009Q2,power,3
2009Q2,Pro,3
2009Q2,day,3
2009Q2,Bay,3
2009Q2,Government,3
2009Q2,Late,3
2009Q2,Pakistan,3
2009Q2,people,3
2009Q2,service,3
2009Q2,Europe,3
2009Q2,sex,3
2009Q2,gang,3
2009Q2,civil,3
2009Q2,Treaty,3
2009Q2,Cork,3
2009Q2,Murder,3
2009Q2,Sur,3
2009Q2,free,2
2009Q2,Bomb,2
2009Q2,Belfast,2
2009Q2,rights,2
2009Q2,Kerry,2
2009Q2,life,2
2009Q3,Dublin,22
2009Q3,flu,21
2009Q3,Lisbon,12
2009Q3,Nam,11
2009Q3,Tao,7
2009Q3,Cork,7
2009Q3,property,7
2009Q3,child,6
2009Q3,house,5
2009Q3,abuse,5
2009Q3,time,5
2009Q3,social,5
2009Q3,suicide,5
2009Q3,Sudan,4
2009Q3,Electric,4
2009Q3,heroin,4
2009Q3,Ireland,4
2009Q3,Council,4
2009Q3,Kildare,4
2009Q3,people,4
2009Q3,bank,4
2009Q3,red,4
2009Q3,benefit,4
2009Q3,Public,4
2009Q3,horse,3
2009Q3,Done,3
2009Q3,festival,3
2009Q3,action,3
2009Q3,Government,3
2009Q3,Property,3
2009Q3,electric,3
2009Q3,climate,3
2009Q3,centre,3
2009Q3,appeal,3
2009Q3,Festival,3
2009Q3,Bank,3
2009Q3,coalition,3
2009Q3,protest,3
2009Q3,Israel,3
2009Q3,Ronald,3
2009Q3,Belfast,3
2009Q3,tax,3
2009Q3,Park,3
2009Q3,Kilkenny,3
2009Q3,London,3
2009Q3,family,3
2009Q3,seizure,3
2009Q3,home,2
2009Q3,grocery,2
2009Q3,crash,2
2009Q4,Dublin,20
2009Q4,abuse,16
2009Q4,sector,15
2009Q4,child,14
2009Q4,public,12
2009Q4,climate,12
2009Q4,murder,10
2009Q4,sex,10
2009Q4,Public,9
2009Q4,Christmas,8
2009Q4,flu,7
2009Q4,Tao,7
2009Q4,Fine,6
2009Q4,Irish,6
2009Q4,Iran,5
2009Q4,assault,5
2009Q4,Limerick,5
2009Q4,Murder,5
2009Q4,bishop,5
2009Q4,parking,4
2009Q4,service,4
2009Q4,crash,4
2009Q4,man,4
2009Q4,suicide,4
2009Q4,rape,4
2009Q4,change,4
2009Q4,priest,4
2009Q4,heart,4
2009Q4,Bishop,4
2009Q4,protest,3
2009Q4,Lisbon,3
2009Q4,human,3
2009Q4,world,3
2009Q4,Galway,3
2009Q4,policing,3
2009Q4,home,3
2009Q4,Iraq,3
2009Q4,Priest,3
2009Q4,pay,3
2009Q4,Times,3
2009Q4,price,3
2009Q4,Sudan,3
2009Q4,death,3
2009Q4,City,3
2009Q4,strike,3
2009Q4,sexual,3
2009Q4,social,3
2009Q4,Bank,3
2009Q4,benefit,3
2009Q4,Done,3
2010Q1,Dublin,25
2010Q1,Haiti,18
2010Q1,murder,7
2010Q1,public,7
2010Q1,Cork,6
2010Q1,sector,6
2010Q1,Tao,6
2010Q1,abuse,6
2010Q1,Yemen,5
2010Q1,Bank,5
2010Q1,health,5
2010Q1,New,4
2010Q1,Pakistan,4
2010Q1,shot,4
2010Q1,crash,4
2010Q1,house,4
2010Q1,death,4
2010Q1,dead,4
2010Q1,protest,4
2010Q1,man,4
2010Q1,speed,4
2010Q1,Limerick,4
2010Q1,care,4
2010Q1,Irish,4
2010Q1,Year,3
2010Q1,Galway,3
2010Q1,suicide,3
2010Q1,Cold,3
2010Q1,weather,3
2010Q1,Dubai,3
2010Q1,Snow,3
2010Q1,Opposition,3
2010Q1,Israel,3
2010Q1,snow,3
2010Q1,Minister,3
2010Q1,Iraq,3
2010Q1,earthquake,3
2010Q1,home,3
2010Q1,mental,3
2010Q1,shooting,3
2010Q1,deal,3
2010Q1,festival,3
2010Q1,head,3
2010Q1,China,3
2010Q1,Afghanistan,3
2010Q1,North,3
2010Q1,Coalition,3
2010Q1,mayor,3
2010Q1,car,3
2010Q1,nursing,3
2010Q2,Dublin,16
2010Q2,sex,10
2010Q2,child,9
2010Q2,abuse,8
2010Q2,Insurance,7
2010Q2,Irish,7
2010Q2,pay,6
2010Q2,home,5
2010Q2,stabbing,5
2010Q2,protest,5
2010Q2,crash,5
2010Q2,bomb,5
2010Q2,tribunal,5
2010Q2,Israel,5
2010Q2,Reg,4
2010Q2,Limerick,4
2010Q2,sector,4
2010Q2,Bank,4
2010Q2,Times,4
2010Q2,service,4
2010Q2,Ireland,4
2010Q2,murder,4
2010Q2,Tao,4
2010Q2,Fine,4
2010Q2,insurance,4
2010Q2,hunting,4
2010Q2,whip,4
2010Q2,bail,3
2010Q2,church,3
2010Q2,Bloody,3
2010Q2,Sunday,3
2010Q2,Ryan,3
2010Q2,separation,3
2010Q2,surgery,3
2010Q2,council,3
2010Q2,public,3
2010Q2,Euro,3
2010Q2,Park,3
2010Q2,Street,3
2010Q2,head,3
2010Q2,rescue,3
2010Q2,bank,3
2010Q2,road,3
2010Q2,volcanic,3
2010Q2,protection,3
2010Q2,Germany,3
2010Q2,crisis,3
2010Q2,Cork,3
2010Q2,Children,3
2010Q2,death,3
2010Q3,Dublin,24
2010Q3,Ireland,11
2010Q3,Pakistan,8
2010Q3,murder,7
2010Q3,Fine,6
2010Q3,Tao,6
2010Q3,seek,5
2010Q3,abuse,5
2010Q3,Bank,5
2010Q3,math,5
2010Q3,Belfast,4
2010Q3,time,4
2010Q3,Sean,4
2010Q3,law,4
2010Q3,Irish,4
2010Q3,suicide,4
2010Q3,Cork,4
2010Q3,legal,3
2010Q3,Done,3
2010Q3,home,3
2010Q3,road,3
2010Q3,property,3
2010Q3,Aviv,3
2010Q3,Stadium,3
2010Q3,city,3
2010Q3,research,3
2010Q3,bank,3
2010Q3,Taliban,3
2010Q3,Coalition,3
2010Q3,rate,3
2010Q3,shooting,3
2010Q3,assault,3
2010Q3,boycott,3
2010Q3,West,3
2010Q3,Anglo,3
2010Q3,Ryan,3
2010Q3,Sam,2
2010Q3,front,2
2010Q3,child,2
2010Q3,sector,2
2010Q3,spin,2
2010Q3,Asylum,2
2010Q3,Government,2
2010Q3,Petra,2
2010Q3,Murder,2
2010Q3,suspect,2
2010Q3,sleep,2
2010Q3,asylum,2
2010Q3,Galway,2
2010Q3,tax,2
2010Q4,Dublin,20
2010Q4,bail,10
2010Q4,Tao,7
2010Q4,abuse,7
2010Q4,Done,7
2010Q4,Christmas,7
2010Q4,plan,6
2010Q4,Factor,6
2010Q4,tribunal,6
2010Q4,Ireland,6
2010Q4,Coalition,6
2010Q4,electricity,5
2010Q4,Lou,5
2010Q4,four,5
2010Q4,year,5
2010Q4,euro,5
2010Q4,bye,5
2010Q4,snow,5
2010Q4,budget,4
2010Q4,welfare,4
2010Q4,loan,4
2010Q4,pension,4
2010Q4,man,4
2010Q4,child,4
2010Q4,time,4
2010Q4,abortion,4
2010Q4,sector,4
2010Q4,Bank,3
2010Q4,protest,3
2010Q4,tax,3
2010Q4,Opposition,3
2010Q4,strike,3
2010Q4,travel,3
2010Q4,Germany,3
2010Q4,life,3
2010Q4,rule,3
2010Q4,day,3
2010Q4,Limerick,3
2010Q4,Irish,3
2010Q4,cancer,3
2010Q4,jack,3
2010Q4,public,3
2010Q4,guarantee,3
2010Q4,weather,3
2010Q4,rate,3
2010Q4,Snow,3
2010Q4,work,2
2010Q4,Google,2
2010Q4,corporation,2
2010Q4,air,2
2011Q1,Dublin,23
2011Q1,Fine,12
2011Q1,murder,10
2011Q1,Tunisia,8
2011Q1,Ling,7
2011Q1,bail,7
2011Q1,Tao,7
2011Q1,coalition,6
2011Q1,protest,6
2011Q1,Japan,6
2011Q1,shooting,5
2011Q1,fire,5
2011Q1,Sean,5
2011Q1,Ryan,5
2011Q1,nuclear,5
2011Q1,Irish,5
2011Q1,house,4
2011Q1,Sudan,4
2011Q1,food,4
2011Q1,Brazil,4
2011Q1,Haiti,4
2011Q1,cannabis,4
2011Q1,crash,4
2011Q1,Ireland,4
2011Q1,centre,4
2011Q1,tribunal,4
2011Q1,Libya,4
2011Q1,people,4
2011Q1,Pakistan,3
2011Q1,zone,3
2011Q1,Iran,3
2011Q1,Belfast,3
2011Q1,Flood,3
2011Q1,Yemen,3
2011Q1,flu,3
2011Q1,chief,3
2011Q1,Spain,3
2011Q1,South,3
2011Q1,leader,3
2011Q1,Nam,3
2011Q1,Duval,3
2011Q1,government,3
2011Q1,minimum,3
2011Q1,wage,3
2011Q1,miss,3
2011Q1,rate,3
2011Q1,Egypt,3
2011Q1,double,3
2011Q1,London,3
2011Q1,Bahrain,3
2011Q2,Dublin,26
2011Q2,bail,17
2011Q2,assault,9
2011Q2,Park,7
2011Q2,home,7
2011Q2,Ling,7
2011Q2,murder,6
2011Q2,abuse,6
2011Q2,time,6
2011Q2,Ryan,6
2011Q2,rate,5
2011Q2,Ireland,5
2011Q2,Queen,5
2011Q2,child,5
2011Q2,Sean,5
2011Q2,Tao,5
2011Q2,Bank,4
2011Q2,Pakistan,4
2011Q2,public,4
2011Q2,Irish,4
2011Q2,Cork,4
2011Q2,nuclear,4
2011Q2,festival,4
2011Q2,Greece,4
2011Q2,bin,4
2011Q2,Israel,3
2011Q2,people,3
2011Q2,Portugal,3
2011Q2,RTÉ,3
2011Q2,Minister,3
2011Q2,Fine,3
2011Q2,man,3
2011Q2,centre,3
2011Q2,sex,3
2011Q2,health,3
2011Q2,sexual,3
2011Q2,Limerick,3
2011Q2,abortion,3
2011Q2,Easter,3
2011Q2,Lebanon,3
2011Q2,Europe,3
2011Q2,strike,3
2011Q2,Kildare,3
2011Q2,Galway,3
2011Q2,weather,3
2011Q2,Jed,3
2011Q2,level,3
2011Q2,funeral,3
2011Q2,interest,2
2011Q2,pro,2
2011Q3,Dublin,21
2011Q3,abuse,17
2011Q3,bail,9
2011Q3,sex,7
2011Q3,murder,6
2011Q3,child,6
2011Q3,Pro,5
2011Q3,Tao,5
2011Q3,euro,5
2011Q3,Ireland,5
2011Q3,Vatican,5
2011Q3,children,5
2011Q3,Tripoli,5
2011Q3,tribunal,4
2011Q3,assault,4
2011Q3,priest,4
2011Q3,Waterford,4
2011Q3,property,4
2011Q3,care,4
2011Q3,centre,4
2011Q3,mortgage,4
2011Q3,people,4
2011Q3,Limerick,4
2011Q3,crash,4
2011Q3,stabbing,4
2011Q3,health,4
2011Q3,Norway,4
2011Q3,France,4
2011Q3,crisis,4
2011Q3,rights,4
2011Q3,yacht,4
2011Q3,One,3
2011Q3,City,3
2011Q3,transplant,3
2011Q3,protest,3
2011Q3,fraud,3
2011Q3,welfare,3
2011Q3,Church,3
2011Q3,bomb,3
2011Q3,London,3
2011Q3,home,3
2011Q3,Syria,3
2011Q3,debt,3
2011Q3,service,3
2011Q3,Cork,3
2011Q3,Galway,3
2011Q3,Lao,3
2011Q3,Germany,3
2011Q3,Sol,3
2011Q3,Cup,3
2011Q4,Dublin,20
2011Q4,euro,16
2011Q4,Christmas,13
2011Q4,zone,10
2011Q4,Coalition,9
2011Q4,rate,9
2011Q4,Tao,8
2011Q4,sex,7
2011Q4,abuse,7
2011Q4,child,7
2011Q4,murder,6
2011Q4,tax,6
2011Q4,human,5
2011Q4,people,5
2011Q4,crisis,5
2011Q4,referendum,5
2011Q4,Irish,5
2011Q4,cut,5
2011Q4,assault,5
2011Q4,new,5
2011Q4,year,5
2011Q4,Ball,4
2011Q4,house,4
2011Q4,social,4
2011Q4,home,4
2011Q4,Today,4
2011Q4,RTÉ,4
2011Q4,Hall,4
2011Q4,mental,4
2011Q4,man,4
2011Q4,Bank,4
2011Q4,welfare,4
2011Q4,Google,3
2011Q4,Limerick,3
2011Q4,Galway,3
2011Q4,protest,3
2011Q4,bail,3
2011Q4,rights,3
2011Q4,French,3
2011Q4,death,3
2011Q4,Ryan,3
2011Q4,property,3
2011Q4,Flood,3
2011Q4,Derry,3
2011Q4,Berlin,3
2011Q4,Priory,3
2011Q4,Times,3
2011Q4,Factor,3
2011Q4,debt,3
2011Q4,Sunday,3
2012Q1,Dublin,23
2012Q1,abuse,8
2012Q1,Syria,7
2012Q1,home,7
2012Q1,nursing,6
2012Q1,assault,6
2012Q1,Titanic,6
2012Q1,bail,6
2012Q1,Tao,6
2012Q1,China,6
2012Q1,year,5
2012Q1,social,5
2012Q1,tax,5
2012Q1,time,5
2012Q1,extra,5
2012Q1,murder,5
2012Q1,referendum,5
2012Q1,sex,5
2012Q1,rape,5
2012Q1,new,4
2012Q1,Ireland,4
2012Q1,bomb,4
2012Q1,Limerick,4
2012Q1,property,4
2012Q1,Hall,4
2012Q1,Coalition,4
2012Q1,child,4
2012Q1,Irish,4
2012Q1,Council,3
2012Q1,zone,3
2012Q1,tourism,3
2012Q1,Tax,3
2012Q1,car,3
2012Q1,post,3
2012Q1,woman,3
2012Q1,house,3
2012Q1,Europe,3
2012Q1,film,3
2012Q1,Bank,3
2012Q1,pay,3
2012Q1,Russia,3
2012Q1,Greece,3
2012Q1,Park,3
2012Q1,debt,3
2012Q1,fraud,3
2012Q1,Euro,3
2012Q1,Pro,3
2012Q1,mortgage,3
2012Q1,Derry,3
2012Q1,economic,3
2012Q2,Dublin,20
2012Q2,murder,11
2012Q2,referendum,10
2012Q2,Bank,10
2012Q2,Syria,9
2012Q2,assault,8
2012Q2,Belfast,8
2012Q2,RTÉ,7
2012Q2,abuse,6
2012Q2,euro,6
2012Q2,sex,5
2012Q2,Ireland,5
2012Q2,Done,5
2012Q2,Tao,5
2012Q2,France,5
2012Q2,China,5
2012Q2,Can,5
2012Q2,bail,5
2012Q2,Ulster,5
2012Q2,property,4
2012Q2,tax,4
2012Q2,priest,4
2012Q2,Coalition,4
2012Q2,nursing,4
2012Q2,home,4
2012Q2,tribunal,4
2012Q2,Pakistan,4
2012Q2,house,4
2012Q2,death,4
2012Q2,treaty,4
2012Q2,Limerick,4
2012Q2,life,4
2012Q2,Burma,3
2012Q2,seizure,3
2012Q2,bank,3
2012Q2,Titanic,3
2012Q2,Pro,3
2012Q2,abortion,3
2012Q2,Cork,3
2012Q2,child,3
2012Q2,queen,3
2012Q2,Ling,3
2012Q2,Kilkenny,3
2012Q2,torch,3
2012Q2,coalition,3
2012Q2,Berlin,3
2012Q2,Germany,3
2012Q2,Jed,3
2012Q2,National,3
2012Q2,Irish,3
2012Q3,Dublin,22
2012Q3,Galway,11
2012Q3,Bank,9
2012Q3,Ulster,8
2012Q3,home,8
2012Q3,abortion,8
2012Q3,child,7
2012Q3,tax,7
2012Q3,murder,7
2012Q3,Aleppo,7
2012Q3,house,6
2012Q3,Coalition,6
2012Q3,London,6
2012Q3,public,6
2012Q3,care,6
2012Q3,Tao,5
2012Q3,Park,5
2012Q3,social,5
2012Q3,Belfast,5
2012Q3,Done,4
2012Q3,bail,4
2012Q3,Mauritius,4
2012Q3,health,4
2012Q3,suicide,4
2012Q3,death,4
2012Q3,assault,4
2012Q3,Ball,4
2012Q3,sex,4
2012Q3,gang,4
2012Q3,Irish,4
2012Q3,property,4
2012Q3,children,4
2012Q3,Property,4
2012Q3,Syria,3
2012Q3,math,3
2012Q3,Ireland,3
2012Q3,education,3
2012Q3,time,3
2012Q3,sector,3
2012Q3,festival,3
2012Q3,Limerick,3
2012Q3,Greece,3
2012Q3,drug,3
2012Q3,Home,3
2012Q3,value,3
2012Q3,cannabis,3
2012Q3,Lou,3
2012Q3,Mon,2
2012Q3,Iran,2
2012Q3,fire,2
2012Q4,Dublin,23
2012Q4,abortion,18
2012Q4,murder,12
2012Q4,Tao,10
2012Q4,suicide,10
2012Q4,Coalition,10
2012Q4,Park,8
2012Q4,Ling,8
2012Q4,Galway,6
2012Q4,child,6
2012Q4,Belfast,6
2012Q4,tax,6
2012Q4,health,6
2012Q4,time,6
2012Q4,Christmas,6
2012Q4,referendum,5
2012Q4,debt,5
2012Q4,benefit,4
2012Q4,sex,4
2012Q4,care,4
2012Q4,home,4
2012Q4,abuse,4
2012Q4,Quinn,4
2012Q4,pension,4
2012Q4,Man,4
2012Q4,children,4
2012Q4,crash,4
2012Q4,hospital,4
2012Q4,death,4
2012Q4,assault,4
2012Q4,public,4
2012Q4,Government,4
2012Q4,Ryan,4
2012Q4,same,3
2012Q4,marriage,3
2012Q4,Facebook,3
2012Q4,centre,3
2012Q4,euro,3
2012Q4,Jill,3
2012Q4,life,3
2012Q4,Minister,3
2012Q4,consultant,3
2012Q4,cannabis,3
2012Q4,people,3
2012Q4,bullying,3
2012Q4,rights,3
2012Q4,road,3
2012Q4,and,3
2012Q4,gender,3
2012Q4,bail,3
2013Q1,abortion,14
2013Q1,Dublin,14
2013Q1,horse,13
2013Q1,Ireland,12
2013Q1,property,9
2013Q1,tax,8
2013Q1,meat,8
2013Q1,murder,8
2013Q1,suicide,7
2013Q1,Belfast,6
2013Q1,Coalition,6
2013Q1,Park,6
2013Q1,Patrick,6
2013Q1,Horse,6
2013Q1,deal,6
2013Q1,Day,6
2013Q1,The,6
2013Q1,Tao,5
2013Q1,Irish,5
2013Q1,the,5
2013Q1,child,4
2013Q1,Lou,4
2013Q1,Black,4
2013Q1,Syria,4
2013Q1,protest,4
2013Q1,scandal,4
2013Q1,beef,4
2013Q1,crisis,4
2013Q1,assault,3
2013Q1,Pakistan,3
2013Q1,out,3
2013Q1,Met,3
2013Q1,Bay,3
2013Q1,health,3
2013Q1,action,3
2013Q1,rape,3
2013Q1,Bus,3
2013Q1,Mali,3
2013Q1,life,3
2013Q1,snow,3
2013Q1,pro,3
2013Q1,Public,3
2013Q1,sector,3
2013Q1,care,3
2013Q1,Burger,3
2013Q1,and,3
2013Q1,hit,3
2013Q1,Tipperary,3
2013Q1,John,3
2013Q1,tier,3
2013Q2,The,28
2013Q2,Dublin,14
2013Q2,China,9
2013Q2,time,9
2013Q2,the,9
2013Q2,Trio,7
2013Q2,Time,6
2013Q2,house,6
2013Q2,Life,6
2013Q2,Quartet,6
2013Q2,John,6
2013Q2,office,6
2013Q2,centre,6
2013Q2,tax,5
2013Q2,Money,5
2013Q2,people,5
2013Q2,Poe,5
2013Q2,home,5
2013Q2,Word,5
2013Q2,Child,4
2013Q2,All,4
2013Q2,Men,4
2013Q2,Higgins,4
2013Q2,Ireland,4
2013Q2,market,4
2013Q2,and,4
2013Q2,War,4
2013Q2,Love,4
2013Q2,pension,4
2013Q2,for,4
2013Q2,Black,4
2013Q2,Street,4
2013Q2,Piano,4
2013Q2,Concerto,4
2013Q2,property,3
2013Q2,Square,3
2013Q2,heart,3
2013Q2,Cork,3
2013Q2,life,3
2013Q2,advertising,3
2013Q2,Mae,3
2013Q2,world,3
2013Q2,Israel,3
2013Q2,travel,3
2013Q2,Smith,3
2013Q2,minister,3
2013Q2,Boston,3
2013Q2,war,3
2013Q2,Charles,3
2013Q2,Symphony,3
2013Q3,The,26
2013Q3,Dublin,10
2013Q3,Ireland,9
2013Q3,China,9
2013Q3,the,8
2013Q3,life,6
2013Q3,centre,6
2013Q3,New,6
2013Q3,time,5
2013Q3,Wild,5
2013Q3,Gee,5
2013Q3,Pro,5
2013Q3,Sean,5
2013Q3,Mae,5
2013Q3,Word,5
2013Q3,Time,4
2013Q3,Domain,4
2013Q3,Paul,4
2013Q3,home,4
2013Q3,Park,4
2013Q3,advertising,4
2013Q3,Belfast,4
2013Q3,John,4
2013Q3,Dead,4
2013Q3,Asia,4
2013Q3,Holiday,4
2013Q3,Violin,4
2013Q3,David,4
2013Q3,school,4
2013Q3,Cole,3
2013Q3,Galway,3
2013Q3,Street,3
2013Q3,Martin,3
2013Q3,All,3
2013Q3,property,3
2013Q3,Bit,3
2013Q3,face,3
2013Q3,run,3
2013Q3,Money,3
2013Q3,energy,3
2013Q3,Cork,3
2013Q3,You,3
2013Q3,Richard,3
2013Q3,Life,3
2013Q3,Bin,3
2013Q3,Egypt,3
2013Q3,city,3
2013Q3,Kerry,3
2013Q3,online,3
2013Q3,City,3
2013Q4,The,24
2013Q4,Dublin,16
2013Q4,Christmas,12
2013Q4,the,11
2013Q4,Television,9
2013Q4,Mae,8
2013Q4,Higgins,8
2013Q4,education,8
2013Q4,time,7
2013Q4,Irish,7
2013Q4,market,5
2013Q4,Violin,5
2013Q4,Cork,5
2013Q4,Black,4
2013Q4,Wild,4
2013Q4,Gee,4
2013Q4,New,4
2013Q4,Times,4
2013Q4,winter,4
2013Q4,Ireland,4
2013Q4,bail,4
2013Q4,France,4
2013Q4,Word,4
2013Q4,Santa,4
2013Q4,sleep,3
2013Q4,Airport,3
2013Q4,Mal,3
2013Q4,Kelly,3
2013Q4,Tao,3
2013Q4,style,3
2013Q4,Cha,3
2013Q4,Walk,3
2013Q4,Lou,3
2013Q4,Love,3
2013Q4,Monk,3
2013Q4,Galway,3
2013Q4,Fox,3
2013Q4,China,3
2013Q4,Life,3
2013Q4,for,3
2013Q4,new,3
2013Q4,year,3
2013Q4,Mary,3
2013Q4,Money,2
2013Q4,Kildare,2
2013Q4,rate,2
2013Q4,card,2
2013Q4,Robert,2
2013Q4,and,2
2013Q4,Last,2
2014Q1,Dublin,18
2014Q1,The,15
2014Q1,Word,11
2014Q1,John,10
2014Q1,time,9
2014Q1,education,9
2014Q1,the,9
2014Q1,Television,8
2014Q1,New,7
2014Q1,house,7
2014Q1,Lao,7
2014Q1,China,6
2014Q1,for,6
2014Q1,Con,5
2014Q1,life,5
2014Q1,Galway,5
2014Q1,Take,5
2014Q1,Five,5
2014Q1,Cha,5
2014Q1,office,4
2014Q1,rent,4
2014Q1,Wild,4
2014Q1,salmon,4
2014Q1,Park,4
2014Q1,Ukraine,4
2014Q1,Time,4
2014Q1,Sex,4
2014Q1,Asia,4
2014Q1,Domain,4
2014Q1,market,4
2014Q1,Ban,4
2014Q1,RTÉ,4
2014Q1,government,3
2014Q1,Money,3
2014Q1,Ireland,3
2014Q1,advertising,3
2014Q1,Gee,3
2014Q1,South,3
2014Q1,gender,3
2014Q1,Black,3
2014Q1,protest,3
2014Q1,Grand,3
2014Q1,centre,3
2014Q1,property,3
2014Q1,Beethoven,3
2014Q1,All,3
2014Q1,sex,3
2014Q1,Rat,3
2014Q1,Day,3
2014Q1,Rome,3
2014Q2,Dublin,17
2014Q2,The,13
2014Q2,education,10
2014Q2,Ireland,8
2014Q2,people,7
2014Q2,Ukraine,7
2014Q2,China,7
2014Q2,golf,6
2014Q2,Paul,6
2014Q2,the,6
2014Q2,and,6
2014Q2,for,6
2014Q2,Word,5
2014Q2,life,5
2014Q2,Cha,5
2014Q2,Cork,4
2014Q2,history,4
2014Q2,data,4
2014Q2,innovation,4
2014Q2,London,4
2014Q2,world,4
2014Q2,property,4
2014Q2,Money,4
2014Q2,car,4
2014Q2,Sin,4
2014Q2,time,4
2014Q2,All,4
2014Q2,Time,4
2014Q2,John,4
2014Q2,office,4
2014Q2,South,4
2014Q2,James,4
2014Q2,summer,4
2014Q2,Ball,3
2014Q2,Michael,3
2014Q2,Brian,3
2014Q2,business,3
2014Q2,media,3
2014Q2,Kennedy,3
2014Q2,Friday,3
2014Q2,Belfast,3
2014Q2,SUV,3
2014Q2,War,3
2014Q2,science,3
2014Q2,Jack,3
2014Q2,Lou,3
2014Q2,North,3
2014Q2,Amazon,3
2014Q2,Facebook,3
2014Q2,food,3
2014Q3,Dublin,18
2014Q3,time,11
2014Q3,About,6
2014Q3,house,5
2014Q3,home,5
2014Q3,The,5
2014Q3,the,5
2014Q3,dem,5
2014Q3,soccer,4
2014Q3,Word,4
2014Q3,for,4
2014Q3,book,4
2014Q3,life,4
2014Q3,Alzheimer,4
2014Q3,Art,4
2014Q3,Galway,4
2014Q3,Ukraine,4
2014Q3,RTÉ,4
2014Q3,and,4
2014Q3,people,4
2014Q3,Scotch,4
2014Q3,marathon,3
2014Q3,Irish,3
2014Q3,bank,3
2014Q3,self,3
2014Q3,Wild,3
2014Q3,Gee,3
2014Q3,Summer,3
2014Q3,Treasure,3
2014Q3,China,3
2014Q3,How,3
2014Q3,Kill,3
2014Q3,Bank,3
2014Q3,Ian,3
2014Q3,car,3
2014Q3,Israel,3
2014Q3,Get,3
2014Q3,spin,3
2014Q3,Sin,3
2014Q3,Ireland,3
2014Q3,care,3
2014Q3,Lou,3
2014Q3,Amy,3
2014Q3,Tipperary,3
2014Q3,holiday,2
2014Q3,apartment,2
2014Q3,Time,2
2014Q3,Cha,2
2014Q3,Eileen,2
2014Q3,service,2
2014Q4,Christmas,53
2014Q4,Five,17
2014Q4,Dublin,16
2014Q4,Ward,12
2014Q4,Beauty,10
2014Q4,Give,8
2014Q4,About,7
2014Q4,Michael,7
2014Q4,Harding,7
2014Q4,Price,7
2014Q4,people,6
2014Q4,time,6
2014Q4,The,6
2014Q4,Travel,6
2014Q4,Gear,6
2014Q4,John,6
2014Q4,Take,5
2014Q4,Irish,5
2014Q4,health,5
2014Q4,Walk,5
2014Q4,the,5
2014Q4,Sin,5
2014Q4,Jennifer,5
2014Q4,Connell,5
2014Q4,Pat,5
2014Q4,Cork,4
2014Q4,Mental,4
2014Q4,Woman,4
2014Q4,home,4
2014Q4,house,4
2014Q4,Ireland,4
2014Q4,Her,4
2014Q4,Cha,4
2014Q4,Tell,4
2014Q4,Berlin,4
2014Q4,life,3
2014Q4,Times,3
2014Q4,Hill,3
2014Q4,music,3
2014Q4,Lao,3
2014Q4,super,3
2014Q4,Mon,3
2014Q4,Frank,3
2014Q4,Ball,3
2014Q4,Alzheimer,3
2014Q4,Green,3
2014Q4,garden,3
2014Q4,Bay,3
2014Q4,child,3
2014Q4,Yes,3
2015Q1,Five,17
2015Q1,Dublin,15
2015Q1,Give,10
2015Q1,Michael,10
2015Q1,Beauty,10
2015Q1,The,9
2015Q1,time,9
2015Q1,Harding,9
2015Q1,Ward,8
2015Q1,About,7
2015Q1,Travel,7
2015Q1,Gear,7
2015Q1,Album,7
2015Q1,fashion,6
2015Q1,health,6
2015Q1,Price,6
2015Q1,people,6
2015Q1,Day,6
2015Q1,Yes,5
2015Q1,Woman,5
2015Q1,Tell,5
2015Q1,Galway,5
2015Q1,John,5
2015Q1,Jennifer,5
2015Q1,Cork,5
2015Q1,Valentine,5
2015Q1,Chi,5
2015Q1,Life,4
2015Q1,London,4
2015Q1,and,4
2015Q1,the,4
2015Q1,Irish,4
2015Q1,Shop,4
2015Q1,mother,4
2015Q1,Spring,4
2015Q1,wine,4
2015Q1,house,4
2015Q1,Connell,4
2015Q1,Classic,4
2015Q1,Blanc,4
2015Q1,Marlborough,4
2015Q1,Ball,4
2015Q1,Pan,3
2015Q1,Bear,3
2015Q1,Ghost,3
2015Q1,yoga,3
2015Q1,Pat,3
2015Q1,Alzheimer,3
2015Q1,healthy,3
2015Q1,social,3
2015Q2,The,19
2015Q2,Dublin,19
2015Q2,Five,13
2015Q2,Ireland,8
2015Q2,Beauty,8
2015Q2,Irish,7
2015Q2,the,7
2015Q2,Jennifer,7
2015Q2,Give,6
2015Q2,About,6
2015Q2,people,6
2015Q2,time,5
2015Q2,Times,5
2015Q2,life,5
2015Q2,Travel,5
2015Q2,Gear,5
2015Q2,Connell,5
2015Q2,James,5
2015Q2,Bat,4
2015Q2,eye,4
2015Q2,Jack,4
2015Q2,Mayo,4
2015Q2,war,4
2015Q2,Tell,4
2015Q2,Fiat,4
2015Q2,art,4
2015Q2,Mac,4
2015Q2,Michael,4
2015Q2,Don,4
2015Q2,Alzheimer,3
2015Q2,autism,3
2015Q2,Audi,3
2015Q2,Easter,3
2015Q2,Photo,3
2015Q2,Bar,3
2015Q2,baby,3
2015Q2,math,3
2015Q2,Storm,3
2015Q2,Man,3
2015Q2,festival,3
2015Q2,child,3
2015Q2,health,3
2015Q2,public,3
2015Q2,garden,3
2015Q2,fashion,3
2015Q2,bar,3
2015Q2,dem,3
2015Q2,Wexford,3
2015Q2,sex,3
2015Q2,summer,3
2015Q3,Dublin,20
2015Q3,The,15
2015Q3,Five,14
2015Q3,Ireland,12
2015Q3,people,8
2015Q3,Give,7
2015Q3,Carroll,7
2015Q3,time,7
2015Q3,Beauty,6
2015Q3,the,6
2015Q3,About,6
2015Q3,All,6
2015Q3,Michael,6
2015Q3,Woman,5
2015Q3,Irish,5
2015Q3,life,5
2015Q3,Harding,5
2015Q3,food,4
2015Q3,Galway,4
2015Q3,Travel,4
2015Q3,Gear,4
2015Q3,London,4
2015Q3,Time,4
2015Q3,Times,4
2015Q3,Black,4
2015Q3,cancer,4
2015Q3,Cork,4
2015Q3,Festival,4
2015Q3,Nature,4
2015Q3,climate,4
2015Q3,Yes,4
2015Q3,Syria,4
2015Q3,Sea,4
2015Q3,Kelly,4
2015Q3,potato,3
2015Q3,salmon,3
2015Q3,art,3
2015Q3,BMW,3
2015Q3,Music,3
2015Q3,New,3
2015Q3,Kilkenny,3
2015Q3,Fashion,3
2015Q3,People,3
2015Q3,John,3
2015Q3,Canada,3
2015Q3,William,3
2015Q3,Rev,3
2015Q3,Ten,3
2015Q3,heart,3
2015Q3,Audi,3
2015Q4,Christmas,45
2015Q4,Dublin,34
2015Q4,The,17
2015Q4,Five,12
2015Q4,time,12
2015Q4,Michael,11
2015Q4,Irish,11
2015Q4,Give,10
2015Q4,Harding,9
2015Q4,Off,8
2015Q4,London,7
2015Q4,About,7
2015Q4,Times,7
2015Q4,Beauty,6
2015Q4,life,6
2015Q4,music,6
2015Q4,Ireland,6
2015Q4,Higgins,5
2015Q4,John,5
2015Q4,Carroll,5
2015Q4,the,5
2015Q4,Galway,5
2015Q4,people,5
2015Q4,cheese,5
2015Q4,salad,4
2015Q4,men,4
2015Q4,Ross,4
2015Q4,State,4
2015Q4,winter,4
2015Q4,Nature,4
2015Q4,Halloween,4
2015Q4,school,4
2015Q4,Travel,4
2015Q4,Gear,4
2015Q4,Bar,4
2015Q4,Our,4
2015Q4,Wedding,4
2015Q4,wine,4
2015Q4,Paris,4
2015Q4,Lilly,4
2015Q4,Ball,3
2015Q4,James,3
2015Q4,Islamic,3
2015Q4,Sin,3
2015Q4,marathon,3
2015Q4,Kelly,3
2015Q4,Tell,3
2015Q4,self,3
2015Q4,book,3
2015Q4,Pan,3
2016Q1,Dublin,17
2016Q1,Easter,14
2016Q1,Five,11
2016Q1,Travel,10
2016Q1,About,9
2016Q1,people,9
2016Q1,Michael,9
2016Q1,life,9
2016Q1,Harding,8
2016Q1,Wedding,8
2016Q1,Rising,8
2016Q1,the,7
2016Q1,Ireland,7
2016Q1,Give,6
2016Q1,Tell,6
2016Q1,wine,6
2016Q1,Gear,6
2016Q1,Patrick,6
2016Q1,Day,6
2016Q1,New,5
2016Q1,Kelly,5
2016Q1,Our,5
2016Q1,brain,5
2016Q1,art,4
2016Q1,Life,4
2016Q1,age,4
2016Q1,love,4
2016Q1,Thomas,4
2016Q1,time,4
2016Q1,Bar,4
2016Q1,history,4
2016Q1,Nature,4
2016Q1,television,4
2016Q1,Lou,4
2016Q1,house,4
2016Q1,Fitness,4
2016Q1,Alan,3
2016Q1,Iran,3
2016Q1,Berlin,3
2016Q1,Time,3
2016Q1,Visual,3
2016Q1,work,3
2016Q1,Mark,3
2016Q1,Carroll,3
2016Q1,Venice,3
2016Q1,gene,3
2016Q1,salmon,3
2016Q1,social,3
2016Q1,justice,3
2016Q1,office,3
2016Q2,Dublin,18
2016Q2,time,15
2016Q2,Ireland,12
2016Q2,Michael,8
2016Q2,Cork,8
2016Q2,About,7
2016Q2,people,6
2016Q2,Gear,6
2016Q2,wine,6
2016Q2,Travel,6
2016Q2,Wedding,5
2016Q2,Panama,5
2016Q2,television,5
2016Q2,life,5
2016Q2,Tell,5
2016Q2,Beer,5
2016Q2,Harding,5
2016Q2,Irish,5
2016Q2,Times,5
2016Q2,Our,4
2016Q2,Belfast,4
2016Q2,Papers,4
2016Q2,Price,4
2016Q2,age,4
2016Q2,New,4
2016Q2,cycling,4
2016Q2,health,4
2016Q2,Nature,3
2016Q2,camp,3
2016Q2,Ryan,3
2016Q2,Live,3
2016Q2,Check,3
2016Q2,abortion,3
2016Q2,East,3
2016Q2,Day,3
2016Q2,Ang,3
2016Q2,parent,3
2016Q2,care,3
2016Q2,The,3
2016Q2,Con,3
2016Q2,school,3
2016Q2,chicken,3
2016Q2,house,3
2016Q2,van,3
2016Q2,Ball,3
2016Q2,football,3
2016Q2,dem,3
2016Q2,big,3
2016Q2,auction,3
2016Q2,San,2
2016Q3,Dublin,27
2016Q3,The,17
2016Q3,Ireland,13
2016Q3,Michael,12
2016Q3,Harding,10
2016Q3,Wild,9
2016Q3,Gee,9
2016Q3,Irish,8
2016Q3,music,7
2016Q3,people,7
2016Q3,time,7
2016Q3,car,7
2016Q3,Money,6
2016Q3,Cork,5
2016Q3,life,5
2016Q3,skin,4
2016Q3,world,4
2016Q3,Galway,4
2016Q3,Kildare,4
2016Q3,Life,4
2016Q3,summer,4
2016Q3,Album,4
2016Q3,food,4
2016Q3,business,4
2016Q3,Kelly,4
2016Q3,the,4
2016Q3,Lou,4
2016Q3,suicide,4
2016Q3,home,4
2016Q3,and,3
2016Q3,Modern,3
2016Q3,Nature,3
2016Q3,blog,3
2016Q3,Art,3
2016Q3,self,3
2016Q3,Good,3
2016Q3,East,3
2016Q3,West,3
2016Q3,Street,3
2016Q3,Business,3
2016Q3,house,3
2016Q3,Kilkenny,3
2016Q3,estate,3
2016Q3,art,3
2016Q3,week,3
2016Q3,cancer,3
2016Q3,Bar,3
2016Q3,centre,3
2016Q3,Sea,3
2016Q3,trout,3
2016Q4,Christmas,50
2016Q4,The,18
2016Q4,Irish,16
2016Q4,Dublin,15
2016Q4,time,14
2016Q4,album,13
2016Q4,Michael,12
2016Q4,the,11
2016Q4,Harding,9
2016Q4,Beer,8
2016Q4,life,7
2016Q4,Canada,7
2016Q4,people,6
2016Q4,music,6
2016Q4,Ireland,5
2016Q4,New,5
2016Q4,Halloween,5
2016Q4,Santa,5
2016Q4,marathon,4
2016Q4,care,4
2016Q4,dem,4
2016Q4,children,4
2016Q4,bee,4
2016Q4,Going,4
2016Q4,business,4
2016Q4,office,4
2016Q4,Galway,4
2016Q4,Our,4
2016Q4,squash,4
2016Q4,turkey,4
2016Q4,health,3
2016Q4,Latin,3
2016Q4,America,3
2016Q4,out,3
2016Q4,Ball,3
2016Q4,skin,3
2016Q4,Kate,3
2016Q4,Travel,3
2016Q4,Gear,3
2016Q4,Too,3
2016Q4,Paul,3
2016Q4,history,3
2016Q4,Conor,3
2016Q4,Price,3
2016Q4,Australia,3
2016Q4,season,3
2016Q4,London,3
2016Q4,John,3
2016Q4,Times,3
2016Q4,Walk,3
2017Q1,album,29
2017Q1,Dublin,21
2017Q1,The,13
2017Q1,time,12
2017Q1,the,11
2017Q1,life,11
2017Q1,people,9
2017Q1,wine,7
2017Q1,Irish,7
2017Q1,John,6
2017Q1,Ireland,6
2017Q1,Valentine,6
2017Q1,Day,6
2017Q1,food,5
2017Q1,anxiety,5
2017Q1,health,5
2017Q1,Beer,5
2017Q1,Don,5
2017Q1,Michael,5
2017Q1,New,4
2017Q1,and,4
2017Q1,Money,4
2017Q1,Sun,4
2017Q1,Black,4
2017Q1,Time,4
2017Q1,Harding,4
2017Q1,rights,4
2017Q1,water,3
2017Q1,Kenny,3
2017Q1,Trump,3
2017Q1,for,3
2017Q1,Poetry,3
2017Q1,Gone,3
2017Q1,beer,3
2017Q1,Ryan,3
2017Q1,age,3
2017Q1,insurance,3
2017Q1,fiction,3
2017Q1,Din,3
2017Q1,Master,3
2017Q1,house,3
2017Q1,winter,3
2017Q1,car,3
2017Q1,Easter,3
2017Q1,Wedding,3
2017Q1,Italy,3
2017Q1,education,3
2017Q1,market,3
2017Q1,Mother,3
2017Q1,sex,3
2017Q2,Dublin,17
2017Q2,The,12
2017Q2,Ireland,12
2017Q2,time,11
2017Q2,London,7
2017Q2,people,6
2017Q2,the,6
2017Q2,Time,6
2017Q2,Irish,6
2017Q2,album,6
2017Q2,life,6
2017Q2,Mac,6
2017Q2,mother,6
2017Q2,Lou,5
2017Q2,Cork,5
2017Q2,house,5
2017Q2,National,5
2017Q2,Mat,5
2017Q2,man,4
2017Q2,Easter,4
2017Q2,salad,4
2017Q2,market,4
2017Q2,sea,4
2017Q2,Hospital,4
2017Q2,love,4
2017Q2,terror,4
2017Q2,Der,3
2017Q2,David,3
2017Q2,Pakistan,3
2017Q2,music,3
2017Q2,wine,3
2017Q2,age,3
2017Q2,Patrick,3
2017Q2,smart,3
2017Q2,New,3
2017Q2,Amazon,3
2017Q2,Sin,3
2017Q2,red,3
2017Q2,home,3
2017Q2,Cycling,3
2017Q2,Leo,3
2017Q2,Housing,3
2017Q2,abortion,3
2017Q2,office,3
2017Q2,Kerry,3
2017Q2,economy,3
2017Q2,stress,3
2017Q2,Day,3
2017Q2,car,3
2017Q2,video,3
2017Q3,The,22
2017Q3,Dublin,20
2017Q3,time,13
2017Q3,the,10
2017Q3,jazz,9
2017Q3,Irish,8
2017Q3,Poe,7
2017Q3,people,6
2017Q3,Time,5
2017Q3,home,5
2017Q3,Donald,5
2017Q3,Sports,5
2017Q3,school,5
2017Q3,life,5
2017Q3,house,5
2017Q3,Canada,4
2017Q3,health,4
2017Q3,John,4
2017Q3,Saturday,4
2017Q3,beer,4
2017Q3,Game,4
2017Q3,Lady,4
2017Q3,Cork,4
2017Q3,education,4
2017Q3,Wild,4
2017Q3,Gee,4
2017Q3,mother,4
2017Q3,Day,3
2017Q3,Business,3
2017Q3,social,3
2017Q3,mental,3
2017Q3,sex,3
2017Q3,suicide,3
2017Q3,Colin,3
2017Q3,Farrell,3
2017Q3,Clarke,3
2017Q3,fitness,3
2017Q3,eating,3
2017Q3,walk,3
2017Q3,gas,3
2017Q3,autumn,3
2017Q3,album,3
2017Q3,France,3
2017Q3,pension,3
2017Q3,dem,3
2017Q3,London,3
2017Q3,How,3
2017Q3,Taylor,3
2017Q3,abortion,3
2017Q3,Jamie,3
2017Q4,Christmas,43
2017Q4,Dublin,27
2017Q4,The,16
2017Q4,time,11
2017Q4,people,10
2017Q4,music,8
2017Q4,the,7
2017Q4,Santa,7
2017Q4,winter,6
2017Q4,Michael,6
2017Q4,Ireland,6
2017Q4,house,5
2017Q4,Money,5
2017Q4,life,5
2017Q4,sex,4
2017Q4,Range,4
2017Q4,Rover,4
2017Q4,market,4
2017Q4,Classical,4
2017Q4,Limerick,4
2017Q4,album,4
2017Q4,pop,4
2017Q4,Irish,4
2017Q4,beer,4
2017Q4,Spain,4
2017Q4,France,4
2017Q4,and,4
2017Q4,weather,3
2017Q4,Harding,3
2017Q4,SUV,3
2017Q4,Con,3
2017Q4,Audi,3
2017Q4,George,3
2017Q4,Home,3
2017Q4,Man,3
2017Q4,Smith,3
2017Q4,Queen,3
2017Q4,Place,3
2017Q4,Halloween,3
2017Q4,Hong,3
2017Q4,Kong,3
2017Q4,Marathon,3
2017Q4,Grey,3
2017Q4,cake,3
2017Q4,Renault,3
2017Q4,East,3
2017Q4,Volkswagen,3
2017Q4,Ryan,3
2017Q4,New,3
2017Q4,Black,3
2018Q1,Dublin,17
2018Q1,time,12
2018Q1,The,12
2018Q1,Ireland,12
2018Q1,life,9
2018Q1,France,8
2018Q1,Day,7
2018Q1,self,7
2018Q1,Italy,7
2018Q1,New,6
2018Q1,the,6
2018Q1,Place,6
2018Q1,Cork,6
2018Q1,Irish,5
2018Q1,world,5
2018Q1,people,5
2018Q1,Kill,5
2018Q1,Black,5
2018Q1,Six,5
2018Q1,Nations,5
2018Q1,bullying,4
2018Q1,January,4
2018Q1,Time,4
2018Q1,health,4
2018Q1,Spain,4
2018Q1,market,4
2018Q1,dem,4
2018Q1,Turkey,4
2018Q1,Sean,4
2018Q1,Mon,4
2018Q1,Bank,4
2018Q1,gender,3
2018Q1,Money,3
2018Q1,Dancing,3
2018Q1,Stars,3
2018Q1,Galway,3
2018Q1,Glen,3
2018Q1,Peter,3
2018Q1,Cycle,3
2018Q1,music,3
2018Q1,beer,3
2018Q1,wine,3
2018Q1,stock,3
2018Q1,garden,3
2018Q1,property,3
2018Q1,parent,3
2018Q1,block,3
2018Q1,innovation,3
2018Q1,house,3
2018Q1,London,3
2018Q2,Dublin,17
2018Q2,people,14
2018Q2,time,12
2018Q2,The,9
2018Q2,Irish,6
2018Q2,Mon,6
2018Q2,cancer,6
2018Q2,home,5
2018Q2,France,5
2018Q2,Sean,5
2018Q2,Sandy,5
2018Q2,the,4
2018Q2,Spain,4
2018Q2,Man,4
2018Q2,Glen,4
2018Q2,beer,4
2018Q2,Blanc,4
2018Q2,Place,4
2018Q2,life,4
2018Q2,bar,4
2018Q2,sex,3
2018Q2,world,3
2018Q2,Money,3
2018Q2,Ireland,3
2018Q2,Bar,3
2018Q2,Italy,3
2018Q2,Galway,3
2018Q2,Cork,3
2018Q2,Red,3
2018Q2,Tiger,3
2018Q2,Mar,3
2018Q2,marathon,3
2018Q2,Ball,3
2018Q2,insurance,3
2018Q2,Done,3
2018Q2,Limerick,3
2018Q2,Portugal,3
2018Q2,pension,3
2018Q2,Iran,3
2018Q2,dem,3
2018Q2,food,3
2018Q2,death,3
2018Q2,BMW,3
2018Q2,house,3
2018Q2,Lou,3
2018Q2,Bloom,3
2018Q2,rent,3
2018Q2,feminist,3
2018Q2,crossover,3
2018Q2,Easter,2
2018Q3,Dublin,24
2018Q3,Ireland,11
2018Q3,The,10
2018Q3,time,10
2018Q3,Pope,8
2018Q3,house,7
2018Q3,Cork,7
2018Q3,Limerick,7
2018Q3,people,7
2018Q3,self,6
2018Q3,Life,5
2018Q3,Mon,5
2018Q3,France,5
2018Q3,life,5
2018Q3,pop,4
2018Q3,Galway,4
2018Q3,Done,4
2018Q3,Italy,4
2018Q3,New,4
2018Q3,Drum,4
2018Q3,Spain,4
2018Q3,Key,4
2018Q3,season,4
2018Q3,Money,4
2018Q3,face,4
2018Q3,care,3
2018Q3,wheelchair,3
2018Q3,health,3
2018Q3,Why,3
2018Q3,Love,3
2018Q3,media,3
2018Q3,Business,3
2018Q3,Sandy,3
2018Q3,property,3
2018Q3,Ball,3
2018Q3,garden,3
2018Q3,album,3
2018Q3,Castle,3
2018Q3,Netflix,3
2018Q3,social,3
2018Q3,brain,3
2018Q3,sea,3
2018Q3,school,3
2018Q3,marathon,3
2018Q3,market,3
2018Q3,Park,3
2018Q3,super,3
2018Q3,beer,3
2018Q3,James,3
2018Q3,the,3
2018Q4,Christmas,58
2018Q4,Dublin,21
2018Q4,The,14
2018Q4,time,11
2018Q4,people,11
2018Q4,Ireland,8
2018Q4,Cork,7
2018Q4,Mon,7
2018Q4,Galway,6
2018Q4,Irish,6
2018Q4,dem,5
2018Q4,Sean,5
2018Q4,Sandy,5
2018Q4,New,4
2018Q4,Times,4
2018Q4,cancer,4
2018Q4,health,4
2018Q4,hair,4
2018Q4,car,4
2018Q4,home,4
2018Q4,the,4
2018Q4,People,4
2018Q4,Late,4
2018Q4,wheelchair,3
2018Q4,smart,3
2018Q4,house,3
2018Q4,marathon,3
2018Q4,Belfast,3
2018Q4,loss,3
2018Q4,period,3
2018Q4,breast,3
2018Q4,beer,3
2018Q4,Taylor,3
2018Q4,Money,3
2018Q4,Black,3
2018Q4,France,3
2018Q4,care,3
2018Q4,hockey,3
2018Q4,life,3
2018Q4,Eve,3
2018Q4,dinner,3
2018Q4,transplant,3
2018Q4,Santa,3
2018Q4,Iron,2
2018Q4,butter,2
2018Q4,fashion,2
2018Q4,Con,2
2018Q4,wine,2
2018Q4,art,2
2018Q4,fish,2
2019Q1,Dublin,13
2019Q1,time,13
2019Q1,Day,11
2019Q1,Irish,10
2019Q1,Ireland,10
2019Q1,The,9
2019Q1,Michael,9
2019Q1,life,7
2019Q1,Harding,7
2019Q1,people,6
2019Q1,Valentine,6
2019Q1,London,5
2019Q1,the,5
2019Q1,France,5
2019Q1,Price,5
2019Q1,heart,5
2019Q1,Con,5
2019Q1,mental,4
2019Q1,health,4
2019Q1,Mary,4
2019Q1,You,4
2019Q1,Italy,4
2019Q1,black,4
2019Q1,Money,4
2019Q1,Cork,4
2019Q1,Mon,4
2019Q1,food,4
2019Q1,Mother,4
2019Q1,Lao,3
2019Q1,People,3
2019Q1,office,3
2019Q1,humour,3
2019Q1,parent,3
2019Q1,skin,3
2019Q1,and,3
2019Q1,attack,3
2019Q1,hair,3
2019Q1,Mount,3
2019Q1,self,3
2019Q1,New,3
2019Q1,history,3
2019Q1,property,3
2019Q1,Time,3
2019Q1,club,2
2019Q1,take,2
2019Q1,Manchester,2
2019Q1,station,2
2019Q1,Wine,2
2019Q1,Yoga,2
2019Q1,women,2
2019Q2,The,24
2019Q2,Dublin,20
2019Q2,Irish,13
2019Q2,people,11
2019Q2,Michael,10
2019Q2,time,9
2019Q2,Harding,8
2019Q2,Otto,8
2019Q2,life,7
2019Q2,Poe,6
2019Q2,Done,6
2019Q2,Game,5
2019Q2,France,5
2019Q2,story,5
2019Q2,chocolate,5
2019Q2,summer,5
2019Q2,Mon,5
2019Q2,climate,4
2019Q2,change,4
2019Q2,wine,4
2019Q2,food,4
2019Q2,Spain,4
2019Q2,Sin,4
2019Q2,Ireland,4
2019Q2,Cork,4
2019Q2,Wild,4
2019Q2,bar,4
2019Q2,garlic,4
2019Q2,foot,4
2019Q2,Kerry,4
2019Q2,Galway,4
2019Q2,Council,4
2019Q2,Week,3
2019Q2,butter,3
2019Q2,Turkey,3
2019Q2,Spring,3
2019Q2,power,3
2019Q2,science,3
2019Q2,Castle,3
2019Q2,arts,3
2019Q2,Love,3
2019Q2,sleep,3
2019Q2,Sea,3
2019Q2,Easter,3
2019Q2,loss,3
2019Q2,home,3
2019Q2,house,3
2019Q2,Green,3
2019Q2,car,3
2019Q2,Time,3
2019Q3,Dublin,19
2019Q3,The,12
2019Q3,life,12
2019Q3,time,12
2019Q3,Ireland,9
2019Q3,Mon,9
2019Q3,Irish,9
2019Q3,Fighting,8
2019Q3,arts,8
2019Q3,people,8
2019Q3,climate,6
2019Q3,France,6
2019Q3,the,6
2019Q3,Cork,4
2019Q3,change,4
2019Q3,world,4
2019Q3,Con,4
2019Q3,Tipperary,4
2019Q3,Walk,4
2019Q3,cancer,4
2019Q3,Belfast,4
2019Q3,Rugby,4
2019Q3,Poe,4
2019Q3,music,3
2019Q3,off,3
2019Q3,wine,3
2019Q3,Australia,3
2019Q3,mother,3
2019Q3,class,3
2019Q3,working,3
2019Q3,brain,3
2019Q3,Russia,3
2019Q3,Pro,3
2019Q3,New,3
2019Q3,age,3
2019Q3,child,3
2019Q3,salad,3
2019Q3,sun,3
2019Q3,Sea,3
2019Q3,education,3
2019Q3,weight,3
2019Q3,skin,3
2019Q3,winter,3
2019Q3,phone,3
2019Q3,carbon,2
2019Q3,foot,2
2019Q3,public,2
2019Q3,transport,2
2019Q3,hair,2
2019Q3,Earth,2
2019Q4,Christmas,68
2019Q4,The,19
2019Q4,Dublin,18
2019Q4,people,13
2019Q4,time,10
2019Q4,Ireland,9
2019Q4,the,8
2019Q4,life,7
2019Q4,cancer,6
2019Q4,wine,6
2019Q4,history,6
2019Q4,Irish,6
2019Q4,fashion,5
2019Q4,and,5
2019Q4,New,5
2019Q4,world,5
2019Q4,food,5
2019Q4,Mon,5
2019Q4,turkey,5
2019Q4,Poe,4
2019Q4,France,4
2019Q4,Spain,4
2019Q4,Halloween,4
2019Q4,Time,4
2019Q4,Michael,4
2019Q4,winter,4
2019Q4,Ball,3
2019Q4,dad,3
2019Q4,woman,3
2019Q4,power,3
2019Q4,change,3
2019Q4,cash,3
2019Q4,Paul,3
2019Q4,whiskey,3
2019Q4,Martin,3
2019Q4,climate,3
2019Q4,Sea,3
2019Q4,John,3
2019Q4,day,3
2019Q4,Turkey,3
2019Q4,Italy,3
2019Q4,chicken,3
2019Q4,brain,3
2019Q4,White,3
2019Q4,Winter,3
2019Q4,Con,3
2019Q4,Star,3
2019Q4,crisis,3
2019Q4,Harding,3
2019Q4,Flynn,3
2020Q1,Dublin,33
2020Q1,The,14
2020Q1,Italy,9
2020Q1,Poe,9
2020Q1,time,9
2020Q1,Mon,8
2020Q1,France,8
2020Q1,life,8
2020Q1,Day,7
2020Q1,Michael,6
2020Q1,people,6
2020Q1,change,6
2020Q1,care,6
2020Q1,Ireland,6
2020Q1,Valentine,6
2020Q1,climate,6
2020Q1,new,5
2020Q1,year,5
2020Q1,Harding,5
2020Q1,Spain,5
2020Q1,wine,5
2020Q1,the,5
2020Q1,New,4
2020Q1,Irish,4
2020Q1,Black,4
2020Q1,history,4
2020Q1,Done,4
2020Q1,spring,4
2020Q1,fish,4
2020Q1,People,4
2020Q1,Year,3
2020Q1,Time,3
2020Q1,Island,3
2020Q1,Con,3
2020Q1,mum,3
2020Q1,Conor,3
2020Q1,album,3
2020Q1,Body,3
2020Q1,all,3
2020Q1,social,3
2020Q1,chicken,3
2020Q1,Life,3
2020Q1,data,3
2020Q1,Turkey,3
2020Q1,John,3
2020Q1,education,3
2020Q1,Patrick,3
2020Q1,past,3
2020Q1,Homes,3
2020Q1,Star,3
2020Q2,lock,23
2020Q2,Dublin,20
2020Q2,pan,18
2020Q2,The,14
2020Q2,home,12
2020Q2,Michael,11
2020Q2,time,11
2020Q2,France,11
2020Q2,Harding,10
2020Q2,Italy,9
2020Q2,Ireland,9
2020Q2,life,8
2020Q2,Spain,7
2020Q2,Guide,7
2020Q2,War,6
2020Q2,chicken,6
2020Q2,Cork,5
2020Q2,John,5
2020Q2,Easter,5
2020Q2,Mon,5
2020Q2,people,5
2020Q2,Poe,5
2020Q2,past,5
2020Q2,Fish,4
2020Q2,fashion,4
2020Q2,Time,4
2020Q2,Richard,4
2020Q2,New,4
2020Q2,murder,4
2020Q2,cash,3
2020Q2,potato,3
2020Q2,fish,3
2020Q2,Sean,3
2020Q2,fantasy,3
2020Q2,hair,3
2020Q2,house,3
2020Q2,garlic,3
2020Q2,Wexford,3
2020Q2,tomato,3
2020Q2,social,3
2020Q2,for,3
2020Q2,Mayo,3
2020Q2,salad,3
2020Q2,bar,3
2020Q2,football,3
2020Q2,Greece,3
2020Q2,Wild,3
2020Q2,change,3
2020Q2,climate,3
2020Q2,learning,3
2020Q3,Dublin,32
2020Q3,The,20
2020Q3,pan,16
2020Q3,Stock,10
2020Q3,the,10
2020Q3,France,9
2020Q3,home,9
2020Q3,time,9
2020Q3,Spain,8
2020Q3,people,8
2020Q3,lock,7
2020Q3,Guide,7
2020Q3,Italy,7
2020Q3,Ireland,7
2020Q3,Portugal,6
2020Q3,Mon,6
2020Q3,Time,6
2020Q3,Paul,6
2020Q3,Irish,5
2020Q3,Don,5
2020Q3,mask,5
2020Q3,Summer,5
2020Q3,world,5
2020Q3,John,4
2020Q3,Cork,4
2020Q3,art,4
2020Q3,Grand,4
2020Q3,life,4
2020Q3,Galway,4
2020Q3,Poe,4
2020Q3,face,4
2020Q3,Black,4
2020Q3,health,4
2020Q3,Flynn,4
2020Q3,New,4
2020Q3,house,4
2020Q3,Men,3
2020Q3,black,3
2020Q3,outdoors,3
2020Q3,vaccine,3
2020Q3,Land,3
2020Q3,Rover,3
2020Q3,England,3
2020Q3,Tipperary,3
2020Q3,James,3
2020Q3,Life,3
2020Q3,Sean,3
2020Q3,cheese,3
2020Q3,Thomas,3
2020Q3,Festival,3
2020Q4,Dublin,23
2020Q4,Christmas,22
2020Q4,The,18
2020Q4,time,13
2020Q4,Irish,11
2020Q4,John,9
2020Q4,Michael,9
2020Q4,chicken,8
2020Q4,Ireland,8
2020Q4,Harding,7
2020Q4,the,6
2020Q4,pan,6
2020Q4,past,6
2020Q4,lock,6
2020Q4,Cork,6
2020Q4,Italy,5
2020Q4,France,5
2020Q4,people,5
2020Q4,mid,5
2020Q4,winter,5
2020Q4,history,4
2020Q4,Sin,4
2020Q4,Mon,4
2020Q4,New,4
2020Q4,brain,4
2020Q4,Kevin,4
2020Q4,butter,3
2020Q4,fashion,3
2020Q4,poem,3
2020Q4,Poetry,3
2020Q4,life,3
2020Q4,Sean,3
2020Q4,Halloween,3
2020Q4,Portugal,3
2020Q4,haze,3
2020Q4,Joe,3
2020Q4,Col,3
2020Q4,democracy,3
2020Q4,Life,3
2020Q4,education,3
2020Q4,wine,3
2020Q4,World,3
2020Q4,Galway,3
2020Q4,Green,3
2020Q4,George,3
2020Q4,Lock,3
2020Q4,Times,3
2020Q4,story,2
2020Q4,child,2
2020Q4,Spain,2
2021Q1,Dublin,31
2021Q1,pan,21
2021Q1,The,16
2021Q1,time,12
2021Q1,Michael,10
2021Q1,Harding,10
2021Q1,Day,9
2021Q1,France,8
2021Q1,Poe,7
2021Q1,people,7
2021Q1,lock,7
2021Q1,chicken,6
2021Q1,science,6
2021Q1,life,6
2021Q1,climate,6
2021Q1,Ireland,5
2021Q1,Patrick,5
2021Q1,the,5
2021Q1,online,5
2021Q1,love,5
2021Q1,Spain,5
2021Q1,wine,5
2021Q1,Irish,4
2021Q1,Mon,4
2021Q1,history,4
2021Q1,Easter,4
2021Q1,spin,4
2021Q1,car,4
2021Q1,Netflix,3
2021Q1,sport,3
2021Q1,Stock,3
2021Q1,New,3
2021Q1,Cork,3
2021Q1,Francis,3
2021Q1,Leaving,3
2021Q1,Sean,3
2021Q1,Joe,3
2021Q1,cab,3
2021Q1,internet,3
2021Q1,mother,3
2021Q1,work,3
2021Q1,Life,3
2021Q1,Sun,3
2021Q1,Neill,3
2021Q1,Wexford,3
2021Q1,health,3
2021Q1,Republic,3
2021Q1,fiction,3
2021Q1,pork,3
2021Q1,Valentine,3
2021Q2,The,25
2021Q2,Dublin,23
2021Q2,Irish,14
2021Q2,pan,12
2021Q2,time,12
2021Q2,Ireland,11
2021Q2,Times,10
2021Q2,life,9
2021Q2,the,9
2021Q2,France,9
2021Q2,Cork,7
2021Q2,people,6
2021Q2,Bob,5
2021Q2,Easter,5
2021Q2,history,5
2021Q2,steak,5
2021Q2,lock,4
2021Q2,home,4
2021Q2,But,4
2021Q2,social,4
2021Q2,Sweden,4
2021Q2,Con,4
2021Q2,Kildare,4
2021Q2,vaccine,4
2021Q2,car,4
2021Q2,Lou,4
2021Q2,New,4
2021Q2,Galway,4
2021Q2,health,3
2021Q2,power,3
2021Q2,Richard,3
2021Q2,World,3
2021Q2,Mary,3
2021Q2,James,3
2021Q2,cream,3
2021Q2,How,3
2021Q2,Thailand,3
2021Q2,Spain,3
2021Q2,pine,3
2021Q2,Mother,3
2021Q2,Anne,3
2021Q2,Gold,3
2021Q2,cheese,3
2021Q2,house,3
2021Q2,London,3
2021Q2,Paul,3
2021Q2,comfort,3
2021Q2,Connor,3
2021Q2,Italy,3
2021Q2,Don,3
